"","day","week","day.1","music","yield"
"1",1,1,"M","E",145
"2",2,1,"T","A",129
"3",3,1,"W","C",140
"4",4,1,"Th","B",160
"5",5,1,"F","D",145
"6",6,2,"M","B",136
"7",7,2,"T","E",149
"8",8,2,"W","D",143
"9",9,2,"Th","C",156
"10",10,2,"F","A",129
"11",11,3,"M","C",140
"12",12,3,"T","D",138
"13",13,3,"W","A",132
"14",14,3,"Th","E",160
"15",15,3,"F","B",139
"16",16,4,"M","D",129
"17",17,4,"T","B",132
"18",18,4,"W","E",167
"19",19,4,"Th","A",136
"20",20,4,"F","C",140
"21",21,5,"M","A",122
"22",22,5,"T","C",144
"23",23,5,"W","B",143
"24",24,5,"Th","D",152
"25",25,5,"F","E",152
